topology,display_topology,contrast,estimate,ci95_low,ci95_high,paired_seeds,bootstrap_resamples,bootstrap_seed,multiple_comparison_adjustment
C6o,C6,QNN Bandit (GM) - GM-TS,0.0617515500000001,0.040563339999999726,0.07299632999999972,25,10000,20260923,none
C6o,C6,Neural Bandit (GM) - GM-TS,0.05363311000000004,0.022252139999999865,0.06320202999999969,25,10000,20260923,none
C6o,C6,QNN Bandit (GM) - Neural Bandit (GM),0.00811844000000006,-0.0018870199999998505,0.02659665,25,10000,20260923,none
MER_FLOORS_CH20_S5,ENT-Clustered,QNN Bandit (GM) - GM-TS,0.06842266999999991,0.057842860000000274,0.09568597000000045,25,10000,20260923,none
MER_FLOORS_CH20_S5,ENT-Clustered,Neural Bandit (GM) - GM-TS,0.057638579999999884,0.03901938999999999,0.07784291000000021,25,10000,20260923,none
MER_FLOORS_CH20_S5,ENT-Clustered,QNN Bandit (GM) - Neural Bandit (GM),0.010784090000000024,-0.003529440000000217,0.04294097000000008,25,10000,20260923,none
MER_FLOORS_BAD_DIM,ENT-Dispersed,QNN Bandit (GM) - GM-TS,0.16882353999999977,0.11686266999999972,0.1943137600000001,25,10000,20260923,none
MER_FLOORS_BAD_DIM,ENT-Dispersed,Neural Bandit (GM) - GM-TS,0.09196086000000003,0.042352889999999976,0.13156878000000005,25,10000,20260923,none
MER_FLOORS_BAD_DIM,ENT-Dispersed,QNN Bandit (GM) - Neural Bandit (GM),0.07686267999999974,0.03392149999999983,0.10627457000000007,25,10000,20260923,none
