topology,method,seed,tail_reward,final_cumulative_loss_ref,tail_fairness,tail_throughput_Mbps
C6o,Default 802.11ax,1,0.7832570799999999,271.7743595600004,0.64020416,232.59403999999998
C6o,Default 802.11ax,2,0.80960189,259.88508656000135,0.64280428,218.40694
C6o,Default 802.11ax,3,0.82494468,250.80392255999965,0.6473381900000001,235.36748999999998
C6o,Default 802.11ax,4,0.7918482599999999,266.913587560001,0.63978437,220.36679999999998
C6o,Default 802.11ax,5,0.81016386,262.6174285600013,0.64413798,232.17246999999998
C6o,Default 802.11ax,6,0.80713774,258.93984256000095,0.65209688,232.96574999999999
C6o,Default 802.11ax,7,0.8102375700000002,247.9884985599997,0.64629522,235.03485999999998
C6o,Default 802.11ax,8,0.78332816,268.8391155600016,0.63109705,223.19637999999998
C6o,Default 802.11ax,9,0.8087243600000003,256.2031165600008,0.6562503500000001,237.74112
C6o,Default 802.11ax,10,0.80413797,265.1351275600013,0.6271304400000001,214.55291
C6o,Default 802.11ax,11,0.8226605300000002,257.03409955999945,0.6616460399999999,236.57613999999998
C6o,Default 802.11ax,12,0.80237535,256.47628156000087,0.62046857,228.83532
C6o,Default 802.11ax,13,0.81008713,263.5810535600008,0.64984163,232.08185999999998
C6o,Default 802.11ax,14,0.7933412599999999,240.59610955999997,0.66311783,237.74266999999998
C6o,Default 802.11ax,15,0.8041660699999998,256.0192475599995,0.6487369300000002,240.00851
C6o,Default 802.11ax,16,0.79317243,261.4610985600012,0.6234426200000001,231.75235999999998
C6o,Default 802.11ax,17,0.7910380199999999,268.3439275600018,0.61865665,228.12168
C6o,Default 802.11ax,18,0.8264484,247.3421605600001,0.65407972,226.38047999999998
C6o,Default 802.11ax,19,0.7871012000000001,251.3358685600001,0.6572437999999999,241.45615999999998
C6o,Default 802.11ax,20,0.8017041399999999,260.49798956000086,0.63778258,237.10556
C6o,Default 802.11ax,21,0.7886514800000001,275.3861385600017,0.6176861,215.80533
C6o,Default 802.11ax,22,0.80095225,262.71496756000124,0.6319284900000001,217.98377
C6o,Default 802.11ax,23,0.8156424099999999,260.1083735600007,0.6486162499999999,229.26004999999998
C6o,Default 802.11ax,24,0.7886032100000001,262.96326456000116,0.6454820800000001,236.76042999999999
C6o,Default 802.11ax,25,0.78796808,273.487677560001,0.62622733,235.90631
C6o,\epsilon-greedy,1,0.8868137500000002,72.05325055999991,0.8864662499999999,386.449163
C6o,\epsilon-greedy,2,0.8344861499999999,213.23583056000035,0.83651549,353.73989
C6o,\epsilon-greedy,3,0.8317945100000002,225.5965851600001,0.82336122,413.37427099999996
C6o,\epsilon-greedy,4,0.8779695499999999,117.59095756000004,0.7967814,376.63131599999997
C6o,\epsilon-greedy,5,0.8979600500000002,91.32993755999992,0.80933156,378.2648
C6o,\epsilon-greedy,6,0.7362433799999999,361.24543455999986,0.7216576600000001,351.066428
C6o,\epsilon-greedy,7,0.91534911,81.50277456000015,0.9090985100000001,411.2442
C6o,\epsilon-greedy,8,0.90426209,82.20179256000011,0.83889647,394.90677999999997
C6o,\epsilon-greedy,9,0.8928662999999999,69.95267856000002,0.86054125,395.26439999999997
C6o,\epsilon-greedy,10,0.8797666399999998,92.4771065600001,0.8317855900000001,393.43735499999997
C6o,\epsilon-greedy,11,0.88517947,73.55553155999992,0.86794083,387.50169999999997
C6o,\epsilon-greedy,12,0.8851522499999999,111.55969056000015,0.82561568,398.76709999999997
C6o,\epsilon-greedy,13,0.9160982799999998,195.86171956000032,0.90128532,410.14489
C6o,\epsilon-greedy,14,0.9070787899999999,96.41773656,0.8741308200000002,359.21957
C6o,\epsilon-greedy,15,0.9062982800000001,105.59160456000005,0.8626705399999999,352.93566
C6o,\epsilon-greedy,16,0.8962928600000001,74.58258756,0.91390852,425.96387999999996
C6o,\epsilon-greedy,17,0.89341971,129.41846856000032,0.8600246000000001,381.531658
C6o,\epsilon-greedy,18,0.8833317099999999,128.45642156000025,0.8252084399999999,359.842621
C6o,\epsilon-greedy,19,0.8851828,90.18691556000012,0.83464956,382.64195
C6o,\epsilon-greedy,20,0.89028428,129.11072756,0.85083051,415.943126
C6o,\epsilon-greedy,21,0.8914457899999999,83.01825855999995,0.8493036699999998,403.172327
C6o,\epsilon-greedy,22,0.8864398700000001,167.3676245600001,0.8556267399999998,368.91706999999997
C6o,\epsilon-greedy,23,0.8782896400000001,125.99449956000001,0.8578989000000002,385.82133999999996
C6o,\epsilon-greedy,24,0.8910439800000001,117.52493856000024,0.8510555500000001,411.131823
C6o,\epsilon-greedy,25,0.8983064399999999,95.27887826000001,0.85479501,409.64825299999995
C6o,GM-TS,1,0.8635095199999999,222.0751055599992,0.73276855,319.30974
C6o,GM-TS,2,0.84288847,214.79546855999916,0.6712141500000002,232.2771
C6o,GM-TS,3,0.8385776500000002,252.55186455999922,0.69006935,235.59389
C6o,GM-TS,4,0.8426109600000002,250.74512855999953,0.6730921400000001,245.75367
C6o,GM-TS,5,0.8566446700000001,203.49012655999942,0.7538060100000001,301.44192
C6o,GM-TS,6,0.85001075,221.97756455999908,0.7541908400000001,306.3547
C6o,GM-TS,7,0.80880627,278.7938345600009,0.63821612,228.84779
C6o,GM-TS,8,0.83408514,242.1849835599994,0.6536883899999999,237.46779999999998
C6o,GM-TS,9,0.8296546900000001,222.42360855999834,0.6366684300000002,229.64737
C6o,GM-TS,10,0.82340711,277.97392456000017,0.6462311900000001,224.82199
C6o,GM-TS,11,0.8787579600000001,197.3587695599985,0.7427943699999999,287.11893
C6o,GM-TS,12,0.85905992,212.9284755599994,0.76051005,301.03587999999996
C6o,GM-TS,13,0.8774577499999999,180.5917635599993,0.7765112600000001,330.23305
C6o,GM-TS,14,0.8372903600000001,236.1291045599991,0.6569512599999999,226.06038999999998
C6o,GM-TS,15,0.8495726299999999,253.17347055999983,0.71045531,279.45304
C6o,GM-TS,16,0.7966418300000001,257.012528559999,0.6537064499999998,263.58711999999997
C6o,GM-TS,17,0.81497827,252.20812755999893,0.66358177,259.20063999999996
C6o,GM-TS,18,0.8357125699999999,207.35043255999935,0.6640002800000001,232.3208
C6o,GM-TS,19,0.8649829500000001,235.9936805599987,0.6825715900000001,273.74694
C6o,GM-TS,20,0.8572379300000001,216.9690245600002,0.7291808500000001,274.93998
C6o,GM-TS,21,0.8367538899999998,279.24315856000084,0.73089591,313.94873
C6o,GM-TS,22,0.8496142700000001,219.59164855999933,0.72158283,297.35519999999997
C6o,GM-TS,23,0.86193901,193.77775855999943,0.74364466,303.94358
C6o,GM-TS,24,0.85820998,165.18547655999984,0.75043816,299.36966
C6o,GM-TS,25,0.8219878300000001,277.89905756000087,0.67279691,283.82703
C6o,HCM-TS,1,0.9089899800000001,50.65977856000001,0.8613475199999999,394.73031
C6o,HCM-TS,2,0.9210633800000001,39.25324255999996,0.9274210800000001,418.51972
C6o,HCM-TS,3,0.90575184,56.22164156,0.8277202699999999,385.77765
C6o,HCM-TS,4,0.9024998500000001,39.55666256,0.88914143,421.36334999999997
C6o,HCM-TS,5,0.9218606699999999,46.845052560000056,0.9328920299999999,445.56196
C6o,HCM-TS,6,0.90674285,51.23207056000005,0.8686479100000001,393.02038999999996
C6o,HCM-TS,7,0.9160641900000002,33.70788156000004,0.89907263,396.51364
C6o,HCM-TS,8,0.91977473,48.502954560000106,0.8957202699999999,412.10627
C6o,HCM-TS,9,0.9157141599999999,45.15536956000002,0.8903086899999998,378.27106
C6o,HCM-TS,10,0.9149838399999999,44.179701560000034,0.8622403,391.98969999999997
C6o,HCM-TS,11,0.9156997499999998,35.02285656,0.8277120099999999,379.35323999999997
C6o,HCM-TS,12,0.9189749600000003,29.669589559999952,0.8827731799999999,396.59015999999997
C6o,HCM-TS,13,0.9164233100000001,40.90963455999998,0.8572720300000001,375.67408
C6o,HCM-TS,14,0.91139824,39.705601560000034,0.9186992599999999,432.77398999999997
C6o,HCM-TS,15,0.9144478299999999,39.000023559999995,0.88524487,394.64759
C6o,HCM-TS,16,0.91804603,42.01476956,0.8462843499999999,393.36861999999996
C6o,HCM-TS,17,0.8975483099999999,66.43220256000006,0.8418082600000001,383.69757
C6o,HCM-TS,18,0.91428084,37.01371156000009,0.86328179,380.96331
C6o,HCM-TS,19,0.8986423000000001,33.85363556000001,0.88425279,399.90071
C6o,HCM-TS,20,0.9019164599999998,59.20976156000011,0.8389805200000001,371.30476999999996
C6o,HCM-TS,21,0.9074375099999998,46.14367555999993,0.85657177,392.39576
C6o,HCM-TS,22,0.9095364200000001,45.43811355999994,0.89319415,440.2587
C6o,HCM-TS,23,0.91589931,49.02159756000005,0.8909036900000001,398.91537999999997
C6o,HCM-TS,24,0.91645484,54.180450559999905,0.8694382499999999,396.34969
C6o,HCM-TS,25,0.9073664100000002,45.25192655999993,0.8576684699999998,396.08889
C6o,INSPIRE,1,0.8451737500000002,168.69393256,0.8115717200000002,352.2267
C6o,INSPIRE,2,0.83877504,139.44435655999982,0.74047931,299.72879
C6o,INSPIRE,3,0.8703674800000001,133.3547935600002,0.80360129,325.54046
C6o,INSPIRE,4,0.8957051800000001,133.48866055999997,0.7875973800000001,367.20088999999996
C6o,INSPIRE,5,0.90553434,135.01136756,0.8066276300000002,328.61221
C6o,INSPIRE,6,0.8359413100000002,150.15487855999976,0.7946284099999998,345.34936
C6o,INSPIRE,7,0.8373355699999999,134.37223856000003,0.7719749199999998,345.86007
C6o,INSPIRE,8,0.8548855500000001,173.2119815600002,0.7632625900000001,354.92039
C6o,INSPIRE,9,0.88716702,178.34377256000005,0.7899078500000002,357.06609
C6o,INSPIRE,10,0.8928451400000001,120.04293256000021,0.7780893099999997,340.17891
C6o,INSPIRE,11,0.8751687499999999,128.07472725999995,0.7722426800000001,366.61524
C6o,INSPIRE,12,0.8659180000000001,138.17506056000028,0.79157154,371.92789
C6o,INSPIRE,13,0.7046291100000002,324.03640155999915,0.6643454599999999,313.69268
C6o,INSPIRE,14,0.87793144,152.01917256000044,0.7757525200000001,349.09412
C6o,INSPIRE,15,0.88879117,158.65456356000007,0.77047871,361.43234
C6o,INSPIRE,16,0.85028167,134.79667456000013,0.74477173,324.14752999999996
C6o,INSPIRE,17,0.83858251,135.72761156000004,0.7602170699999998,305.86431
C6o,INSPIRE,18,0.8850302900000001,130.1343375600001,0.78959936,359.80199
C6o,INSPIRE,19,0.9056273600000001,139.65661755999983,0.8006383699999999,339.94788
C6o,INSPIRE,20,0.8440303400000001,119.52114256000034,0.7847296500000001,315.39946
C6o,INSPIRE,21,0.8918870200000001,131.79784156,0.78989616,376.97648
C6o,INSPIRE,22,0.8917656100000001,119.76507855999975,0.7694655200000001,374.8246
C6o,INSPIRE,23,0.8757498399999999,142.94637855999972,0.7827541299999998,334.95382
C6o,INSPIRE,24,0.8803774100000001,145.6260015600003,0.7655336099999999,367.53037
C6o,INSPIRE,25,0.8844237300000002,135.6165215599998,0.8130844500000001,365.77349
C6o,Neural Bandit (GM),1,0.8132758900000002,264.54542456000047,0.66430583,236.75105
C6o,Neural Bandit (GM),2,0.8493294900000002,169.04892155999983,0.81296973,392.40508
C6o,Neural Bandit (GM),3,0.8871470800000002,112.86935755999995,0.8859822599999998,420.63570999999996
C6o,Neural Bandit (GM),4,0.9188559699999999,79.34885456000002,0.85329579,388.73998
C6o,Neural Bandit (GM),5,0.9169965699999999,82.60207556000005,0.79477521,365.88127
C6o,Neural Bandit (GM),6,0.9218268000000001,41.74559655999995,0.8814568500000002,396.63074
C6o,Neural Bandit (GM),7,0.8255210900000001,266.8375175600016,0.64737079,238.83737
C6o,Neural Bandit (GM),8,0.9041702100000001,139.35768056000015,0.82597179,337.66165
C6o,Neural Bandit (GM),9,0.9004923899999998,121.09491355999994,0.8165041100000002,333.90601
C6o,Neural Bandit (GM),10,0.8961859799999998,70.90524155999988,0.8489106200000002,380.39637
C6o,Neural Bandit (GM),11,0.9038960699999999,71.7992335600007,0.76405519,285.84776999999997
C6o,Neural Bandit (GM),12,0.8502247400000001,161.3196095599997,0.8782567399999999,431.15623
C6o,Neural Bandit (GM),13,0.90950073,45.880041559999974,0.7956494800000001,339.94311999999996
C6o,Neural Bandit (GM),14,0.9100708999999999,84.22389856000011,0.76994287,335.33173
C6o,Neural Bandit (GM),15,0.8651406099999999,157.53772956000003,0.7886636099999998,334.4432
C6o,Neural Bandit (GM),16,0.8966556399999999,108.51884956000004,0.91283211,422.78605999999996
C6o,Neural Bandit (GM),17,0.8273128,228.73786755999885,0.6928038999999998,294.29757
C6o,Neural Bandit (GM),18,0.9117985700000001,49.711914559999876,0.8527495999999999,329.73964
C6o,Neural Bandit (GM),19,0.86038743,156.32716355999975,0.6755758300000002,295.73733
C6o,Neural Bandit (GM),20,0.89863215,77.75716856000079,0.7873005,292.75314
C6o,Neural Bandit (GM),21,0.89473353,104.82155156000043,0.7218282899999998,319.87190999999996
C6o,Neural Bandit (GM),22,0.8529222999999998,183.4572495599998,0.8447549899999999,360.51561999999996
C6o,Neural Bandit (GM),23,0.8844170300000002,97.97593555999981,0.87138922,390.47497
C6o,Neural Bandit (GM),24,0.89652158,84.09304056000028,0.78192938,350.44489999999996
C6o,Neural Bandit (GM),25,0.8994416399999998,98.73472756000028,0.8559559399999997,382.18444
C6o,QNN Bandit (GM),1,0.8735827199999998,164.9165035599995,0.74301964,305.70038
C6o,QNN Bandit (GM),2,0.9209488,58.49891655999998,0.8741998899999999,371.00329
C6o,QNN Bandit (GM),3,0.8946345600000002,105.56044656000014,0.8526239199999999,369.11383
C6o,QNN Bandit (GM),4,0.8825332,112.41011556000016,0.8950394600000001,422.77506999999997
C6o,QNN Bandit (GM),5,0.9234592600000002,72.05726155999997,0.8937536,401.50613
C6o,QNN Bandit (GM),6,0.9125477500000001,64.19378255999976,0.8173871799999999,371.3922
C6o,QNN Bandit (GM),7,0.86034375,200.02347255999857,0.6855694899999998,214.47324
C6o,QNN Bandit (GM),8,0.9102395,85.55703156000006,0.82570518,341.7718
C6o,QNN Bandit (GM),9,0.90081126,66.89422655999998,0.7092843500000001,304.89302
C6o,QNN Bandit (GM),10,0.90341365,102.31220356000028,0.81969673,361.23087999999996
C6o,QNN Bandit (GM),11,0.8831743,111.45956656000033,0.87768597,367.58348
C6o,QNN Bandit (GM),12,0.8594592499999998,160.10861256000038,0.8597175899999999,373.40044
C6o,QNN Bandit (GM),13,0.9216900999999998,90.04066255999993,0.8816430099999999,362.43798999999996
C6o,QNN Bandit (GM),14,0.90949427,71.5096275600003,0.8466402000000002,363.40301
C6o,QNN Bandit (GM),15,0.91703259,61.36314955999994,0.7873355700000001,330.35337999999996
C6o,QNN Bandit (GM),16,0.9032505099999999,63.60661456000002,0.8644914599999999,355.14531
C6o,QNN Bandit (GM),17,0.80353085,256.65914355999945,0.67029738,263.81046
C6o,QNN Bandit (GM),18,0.9131498100000002,80.12265456000026,0.8398718399999998,308.87041999999997
C6o,QNN Bandit (GM),19,0.88698408,161.8240915599992,0.78394351,317.70598
C6o,QNN Bandit (GM),20,0.9048919900000001,64.36174256000008,0.83023527,378.25703
C6o,QNN Bandit (GM),21,0.92123545,46.95124255999992,0.90314102,404.60267999999996
C6o,QNN Bandit (GM),22,0.8672594799999999,157.33635056000028,0.7655316399999998,324.33646
C6o,QNN Bandit (GM),23,0.9046400200000001,71.90067656000016,0.8386190600000003,372.77736999999996
C6o,QNN Bandit (GM),24,0.92240896,50.42484755999993,0.8327217200000001,366.23113
C6o,QNN Bandit (GM),25,0.91560729,61.94674655999997,0.8923642300000002,368.63759
C6o,Neural Bandit (HCM),1,0.9231429900000001,17.169424560000028,0.8907858000000002,422.35971
C6o,Neural Bandit (HCM),2,0.9197578100000001,35.12741656000003,0.88825459,409.22353
C6o,Neural Bandit (HCM),3,0.9225398800000001,21.889261559999984,0.8812980399999999,389.1773
C6o,Neural Bandit (HCM),4,0.9226531700000001,28.177623560000022,0.8646135300000002,405.62089
C6o,Neural Bandit (HCM),5,0.9201287400000001,24.160652560000045,0.85497415,364.07612
C6o,Neural Bandit (HCM),6,0.92181274,35.794472559999996,0.91967882,418.28082
C6o,Neural Bandit (HCM),7,0.91448668,41.169581559999905,0.9041360600000001,400.25997
C6o,Neural Bandit (HCM),8,0.92099656,12.366544560000033,0.9377707399999999,438.53317999999996
C6o,Neural Bandit (HCM),9,0.9200830200000002,10.216791560000043,0.92513665,440.87717
C6o,Neural Bandit (HCM),10,0.92080518,20.16322655999999,0.9303656600000001,437.54467
C6o,Neural Bandit (HCM),11,0.91334011,39.098165559999956,0.8200073500000002,387.67032
C6o,Neural Bandit (HCM),12,0.91796705,34.249843559999974,0.8595268500000001,386.84886
C6o,Neural Bandit (HCM),13,0.9245429100000001,30.756817559999927,0.96515937,445.63692
C6o,Neural Bandit (HCM),14,0.92147155,18.187673560000015,0.9044177799999998,409.46709
C6o,Neural Bandit (HCM),15,0.9218822200000001,23.809925559999975,0.9025974899999999,416.51149999999996
C6o,Neural Bandit (HCM),16,0.9114346900000001,18.495872560000052,0.9369508099999999,422.91098
C6o,Neural Bandit (HCM),17,0.9172683899999999,21.347654559999985,0.8733077499999999,396.16228
C6o,Neural Bandit (HCM),18,0.9216417399999999,13.510924560000012,0.9380176900000001,438.19433
C6o,Neural Bandit (HCM),19,0.9235628299999997,27.59702556000002,0.93341528,447.38590999999997
C6o,Neural Bandit (HCM),20,0.91089986,50.99819455999991,0.81509159,360.70461
C6o,Neural Bandit (HCM),21,0.9210982999999999,23.248042560000044,0.9209980600000002,431.65434999999997
C6o,Neural Bandit (HCM),22,0.9109551300000001,37.597410559999965,0.83873566,371.87469
C6o,Neural Bandit (HCM),23,0.91967202,22.11965456000001,0.8588825100000002,397.95811
C6o,Neural Bandit (HCM),24,0.9120081600000001,29.679958560000006,0.93355802,415.43714
C6o,Neural Bandit (HCM),25,0.9240269000000001,29.130140559999965,0.9113415600000002,438.33957
C6o,QNN Bandit (HCM),1,0.9230513099999998,43.43411956000005,0.9135188000000001,408.45680999999996
C6o,QNN Bandit (HCM),2,0.92331544,20.564339560000025,0.9040835800000001,382.36868999999996
C6o,QNN Bandit (HCM),3,0.9225239099999999,35.86387255999995,0.85668399,391.31197
C6o,QNN Bandit (HCM),4,0.9243667499999999,24.44486356000001,0.9593291099999999,457.08968
C6o,QNN Bandit (HCM),5,0.9256646599999999,17.015587560000036,0.9590576199999998,469.02342999999996
C6o,QNN Bandit (HCM),6,0.9120554899999999,45.339680559999955,0.89909194,418.6775
C6o,QNN Bandit (HCM),7,0.9186742300000001,18.325612560000042,0.8336964,390.03769
C6o,QNN Bandit (HCM),8,0.92670738,10.54023456,0.9736081300000001,463.08625
C6o,QNN Bandit (HCM),9,0.92302443,9.310735560000008,0.9507343500000001,462.57869
C6o,QNN Bandit (HCM),10,0.92120759,25.714016560000037,0.9533871099999999,452.78276999999997
C6o,QNN Bandit (HCM),11,0.9262322099999999,21.59213556000003,0.9578411099999999,460.31746999999996
C6o,QNN Bandit (HCM),12,0.90871004,26.74566156000003,0.85356692,380.28866
C6o,QNN Bandit (HCM),13,0.9189854000000003,28.693139560000063,0.8981223799999999,408.31782999999996
C6o,QNN Bandit (HCM),14,0.9204121999999998,21.34212956000008,0.9140173199999997,429.7695
C6o,QNN Bandit (HCM),15,0.9214661000000001,17.962219560000012,0.92946158,436.09862999999996
C6o,QNN Bandit (HCM),16,0.9179197500000003,30.465250559999976,0.9073105499999998,418.30886999999996
C6o,QNN Bandit (HCM),17,0.90803035,35.24076655999997,0.79490275,384.69234
C6o,QNN Bandit (HCM),18,0.92484774,10.270355560000029,0.92680138,442.85254
C6o,QNN Bandit (HCM),19,0.9213812400000002,15.768803559999993,0.9555263599999999,429.80541
C6o,QNN Bandit (HCM),20,0.9014890800000002,60.51032956000003,0.8921894499999997,382.57169
C6o,QNN Bandit (HCM),21,0.9238392100000001,14.689863560000006,0.9513869299999999,452.29089999999997
C6o,QNN Bandit (HCM),22,0.92110518,22.55511555999998,0.9500279599999999,422.07235
C6o,QNN Bandit (HCM),23,0.9230534700000002,16.42449956000002,0.9349814200000001,437.27608
C6o,QNN Bandit (HCM),24,0.9264506499999997,16.16290755999999,0.96202604,462.28045
C6o,QNN Bandit (HCM),25,0.9148535799999999,41.511786560000004,0.8336346599999999,388.41836
MER_FLOORS_CH20_S5,Default 802.11ax,1,0.46313722000000007,976.2458256400005,0.3835045600000001,374.42013
MER_FLOORS_CH20_S5,Default 802.11ax,2,0.45274510000000007,1006.5987316400025,0.3352316699999999,374.55289
MER_FLOORS_CH20_S5,Default 802.11ax,3,0.47588235000000007,976.2458356400001,0.39490666,362.89556999999996
MER_FLOORS_CH20_S5,Default 802.11ax,4,0.45941169000000004,968.6184086400006,0.38277518,356.43992
MER_FLOORS_CH20_S5,Default 802.11ax,5,0.47137256,978.3438686400027,0.39342781999999993,362.12721
MER_FLOORS_CH20_S5,Default 802.11ax,6,0.47,952.3046746399995,0.39361481,359.19608999999997
MER_FLOORS_CH20_S5,Default 802.11ax,7,0.4643137,960.9321556399997,0.39195872000000004,361.47605
MER_FLOORS_CH20_S5,Default 802.11ax,8,0.43549019,1012.9909016400027,0.35286881999999997,341.50943
MER_FLOORS_CH20_S5,Default 802.11ax,9,0.46686270999999996,960.2654446399999,0.3885619800000001,345.81944
MER_FLOORS_CH20_S5,Default 802.11ax,10,0.45078436000000005,969.2458246400018,0.37240889000000005,351.4147
MER_FLOORS_CH20_S5,Default 802.11ax,11,0.46509799,973.2262436400028,0.37776897000000004,373.28643
MER_FLOORS_CH20_S5,Default 802.11ax,12,0.45941173,983.6772176400004,0.3786546100000001,365.49717999999996
MER_FLOORS_CH20_S5,Default 802.11ax,13,0.4656863,982.2654326400033,0.37943156999999994,360.81239999999997
MER_FLOORS_CH20_S5,Default 802.11ax,14,0.4813725499999999,957.853678639998,0.39819667000000003,373.54874
MER_FLOORS_CH20_S5,Default 802.11ax,15,0.46196077,971.7948646400001,0.38493055,352.85449
MER_FLOORS_CH20_S5,Default 802.11ax,16,0.45294120000000004,1007.5007196400014,0.3679535899999999,365.84699
MER_FLOORS_CH20_S5,Default 802.11ax,17,0.46999999000000003,964.8732866400017,0.39518802000000003,358.01554999999996
MER_FLOORS_CH20_S5,Default 802.11ax,18,0.41392160000000006,1057.8535986400022,0.3143727,374.80586999999997
MER_FLOORS_CH20_S5,Default 802.11ax,19,0.46882352000000005,981.637990640001,0.38695745000000004,353.55093999999997
MER_FLOORS_CH20_S5,Default 802.11ax,20,0.46274512,975.1674046400019,0.3780595100000001,367.65686999999997
MER_FLOORS_CH20_S5,Default 802.11ax,21,0.46843137999999995,975.4811016400024,0.38678325,370.36938
MER_FLOORS_CH20_S5,Default 802.11ax,22,0.4682352200000001,964.2262366400004,0.3856752699999999,363.111
MER_FLOORS_CH20_S5,Default 802.11ax,23,0.42745104000000006,1044.6575156400004,0.31790798000000003,397.94413
MER_FLOORS_CH20_S5,Default 802.11ax,24,0.47568627999999996,969.9713256399995,0.3991376099999999,346.4113
MER_FLOORS_CH20_S5,Default 802.11ax,25,0.47941175,965.3634996399995,0.39761864,368.3502
MER_FLOORS_CH20_S5,\epsilon-greedy,1,0.9133330100000002,104.87362863999859,0.8205060999999999,700.70089
MER_FLOORS_CH20_S5,\epsilon-greedy,2,0.9327448700000002,68.2070416400003,0.8063245000000001,739.84235
MER_FLOORS_CH20_S5,\epsilon-greedy,3,0.9317644400000004,87.461841639998,0.8718716400000001,773.0810299999999
MER_FLOORS_CH20_S5,\epsilon-greedy,4,0.9264703300000002,50.93255964000181,0.8356801500000002,691.3172099999999
MER_FLOORS_CH20_S5,\epsilon-greedy,5,0.90274538,137.61793063999505,0.82307316,593.7202599999999
MER_FLOORS_CH20_S5,\epsilon-greedy,6,0.9050977700000001,94.99141263999888,0.7987871600000002,800.23419
MER_FLOORS_CH20_S5,\epsilon-greedy,7,0.9072552300000002,126.18643263999473,0.8029574799999999,725.30851
MER_FLOORS_CH20_S5,\epsilon-greedy,8,0.90921552,110.24603863999828,0.8247525900000001,615.66238
MER_FLOORS_CH20_S5,\epsilon-greedy,9,0.8850979800000002,163.99113564000254,0.7680480300000002,728.4458199999999
MER_FLOORS_CH20_S5,\epsilon-greedy,10,0.9103919100000003,110.91264563999809,0.83146834,648.3481899999999
MER_FLOORS_CH20_S5,\epsilon-greedy,11,0.94451393,44.56224664000143,0.8546475799999999,647.25663
MER_FLOORS_CH20_S5,\epsilon-greedy,12,0.8913728000000002,128.3237816399954,0.7891204699999999,647.70948
MER_FLOORS_CH20_S5,\epsilon-greedy,13,0.9651003399999998,38.096663640002774,0.91184766,819.87591
MER_FLOORS_CH20_S5,\epsilon-greedy,14,0.9468624600000004,66.6776456400009,0.8747221800000001,755.9392799999999
MER_FLOORS_CH20_S5,\epsilon-greedy,15,0.9464704399999999,25.920331640000256,0.86554854,692.93503
MER_FLOORS_CH20_S5,\epsilon-greedy,16,0.9362742500000002,66.91291764000054,0.8308373499999998,655.88135
MER_FLOORS_CH20_S5,\epsilon-greedy,17,0.91725456,94.46191663999865,0.84390104,696.7531799999999
MER_FLOORS_CH20_S5,\epsilon-greedy,18,0.9182350600000001,101.52076563999832,0.82044396,689.71965
MER_FLOORS_CH20_S5,\epsilon-greedy,19,0.9219605700000002,73.38345163999936,0.82522273,602.6995099999999
MER_FLOORS_CH20_S5,\epsilon-greedy,20,0.9315683500000002,60.893392640002496,0.8493086,855.71609
MER_FLOORS_CH20_S5,\epsilon-greedy,21,0.9315690699999999,52.13761764000125,0.8441851500000002,666.1301599999999
MER_FLOORS_CH20_S5,\epsilon-greedy,22,0.8852943699999999,145.8532666399954,0.78143665,771.5943199999999
MER_FLOORS_CH20_S5,\epsilon-greedy,23,0.9064703700000001,98.59911363999883,0.8015668299999998,659.31842
MER_FLOORS_CH20_S5,\epsilon-greedy,24,0.9180389600000004,86.77557363999628,0.82329065,721.77773
MER_FLOORS_CH20_S5,\epsilon-greedy,25,0.9184311700000001,125.69700963999604,0.81355324,733.9035799999999
MER_FLOORS_CH20_S5,GM-TS,1,0.85921571,260.87329564000527,0.73606738,549.71132
MER_FLOORS_CH20_S5,GM-TS,2,0.7117647000000001,728.6772026399985,0.59172863,467.1636
MER_FLOORS_CH20_S5,GM-TS,3,0.58529409,820.6379636400002,0.48393772999999995,364.20581999999996
MER_FLOORS_CH20_S5,GM-TS,4,0.8572548300000001,204.85388164000486,0.7439681799999999,530.9721
MER_FLOORS_CH20_S5,GM-TS,5,0.8331374400000001,266.99061763999737,0.73807755,663.3161299999999
MER_FLOORS_CH20_S5,GM-TS,6,0.87862741,195.99112064000258,0.7575244699999999,547.37986
MER_FLOORS_CH20_S5,GM-TS,7,0.8729413000000001,283.89269264000035,0.76594644,585.22051
MER_FLOORS_CH20_S5,GM-TS,8,0.8715685599999999,263.32431364000564,0.7484931400000001,566.37049
MER_FLOORS_CH20_S5,GM-TS,9,0.8776469200000002,247.18719964000854,0.7693742399999999,596.4968299999999
MER_FLOORS_CH20_S5,GM-TS,10,0.88156863,186.638107640001,0.7715369299999999,551.1401599999999
MER_FLOORS_CH20_S5,GM-TS,11,0.8696161600000002,153.76416364000178,0.74911685,521.88515
MER_FLOORS_CH20_S5,GM-TS,12,0.8533332200000001,285.7947586400023,0.7455462,614.1444799999999
MER_FLOORS_CH20_S5,GM-TS,13,0.8919625800000002,178.00377364000317,0.7842958900000001,592.73029
MER_FLOORS_CH20_S5,GM-TS,14,0.8870586500000001,214.4225066400079,0.78175257,635.81322
MER_FLOORS_CH20_S5,GM-TS,15,0.89177365,178.84477464000338,0.7855487000000001,537.94931
MER_FLOORS_CH20_S5,GM-TS,16,0.8858822800000001,165.9322506399998,0.77030873,547.05344
MER_FLOORS_CH20_S5,GM-TS,17,0.8660784100000001,190.2851586400023,0.76881562,535.26339
MER_FLOORS_CH20_S5,GM-TS,18,0.50960792,962.3829986399985,0.36748908999999996,448.27601
MER_FLOORS_CH20_S5,GM-TS,19,0.8978430600000002,227.03033564000572,0.78464044,571.30664
MER_FLOORS_CH20_S5,GM-TS,20,0.56588236,818.8340576399972,0.47198609999999996,383.60080999999997
MER_FLOORS_CH20_S5,GM-TS,21,0.89726216,160.64664664000182,0.78133346,536.60477
MER_FLOORS_CH20_S5,GM-TS,22,0.8549020300000001,225.26518463999795,0.73313356,527.82394
MER_FLOORS_CH20_S5,GM-TS,23,0.86705893,309.32412664000384,0.74291521,598.5722
MER_FLOORS_CH20_S5,GM-TS,24,0.89235286,174.71660964000162,0.77544413,562.75536
MER_FLOORS_CH20_S5,GM-TS,25,0.62901962,784.9124796399977,0.51018844,428.84970999999996
MER_FLOORS_CH20_S5,HCM-TS,1,0.91568605,94.22665863999887,0.8205375600000001,906.3088399999999
MER_FLOORS_CH20_S5,HCM-TS,2,0.9356860400000002,47.46194264000149,0.87040553,1050.95658
MER_FLOORS_CH20_S5,HCM-TS,3,0.9372546700000002,75.69713863999756,0.8539222000000001,970.02554
MER_FLOORS_CH20_S5,HCM-TS,4,0.9501957900000002,45.05019264000184,0.8882433500000001,1094.9954699999998
MER_FLOORS_CH20_S5,HCM-TS,5,0.89313749,124.93165363999495,0.8028815699999998,967.20839
MER_FLOORS_CH20_S5,HCM-TS,6,0.9249016100000002,71.3444776399994,0.8664701699999999,1115.79488
MER_FLOORS_CH20_S5,HCM-TS,7,0.8998041600000002,117.06891663999559,0.80769962,774.1429499999999
MER_FLOORS_CH20_S5,HCM-TS,8,0.9268623900000003,69.10922763999935,0.8619098000000001,908.7964099999999
MER_FLOORS_CH20_S5,HCM-TS,9,0.9401958600000002,71.05012363999978,0.8498389800000001,975.83269
MER_FLOORS_CH20_S5,HCM-TS,10,0.9192155200000002,100.32458163999821,0.83436464,675.54039
MER_FLOORS_CH20_S5,HCM-TS,11,0.9764741199999999,-22.38781336000009,0.9206715599999998,967.20826
MER_FLOORS_CH20_S5,HCM-TS,12,0.88411789,137.81406663999465,0.8033582199999999,824.39198
MER_FLOORS_CH20_S5,HCM-TS,13,0.9549018099999997,4.5560676399999265,0.8699242599999998,1005.78472
MER_FLOORS_CH20_S5,HCM-TS,14,0.9539212800000001,26.69731364000223,0.9046119199999998,1203.10546
MER_FLOORS_CH20_S5,HCM-TS,15,0.9686297499999997,-0.6403123600001018,0.94069544,1200.8579499999998
MER_FLOORS_CH20_S5,HCM-TS,16,0.9445095500000003,51.461902640001746,0.8636974299999999,991.5726199999999
MER_FLOORS_CH20_S5,HCM-TS,17,0.9229408800000001,69.75625863999934,0.8686572600000001,1059.65377
MER_FLOORS_CH20_S5,HCM-TS,18,0.915686,133.8148716400002,0.83537725,962.47654
MER_FLOORS_CH20_S5,HCM-TS,19,0.9452938700000001,52.71682264000204,0.8975903199999999,1154.1539699999998
MER_FLOORS_CH20_S5,HCM-TS,20,0.9449017100000003,52.285480640002056,0.8759286300000001,1146.4674
MER_FLOORS_CH20_S5,HCM-TS,21,0.9780470199999998,4.948292640000008,0.9062934500000001,1008.1987799999999
MER_FLOORS_CH20_S5,HCM-TS,22,0.9047061500000001,131.7944286399943,0.8518768299999999,1055.7431
MER_FLOORS_CH20_S5,HCM-TS,23,0.9047057600000001,98.61874063999865,0.8135486700000001,854.68408
MER_FLOORS_CH20_S5,HCM-TS,24,0.9433330500000002,58.44235164000215,0.8793462900000002,1051.85455
MER_FLOORS_CH20_S5,HCM-TS,25,0.9582349800000003,42.38353864000215,0.9331803000000002,1132.28353
MER_FLOORS_CH20_S5,INSPIRE,1,0.9235292200000003,132.75576563999851,0.8296351099999998,628.89224
MER_FLOORS_CH20_S5,INSPIRE,2,0.9321566800000001,57.618678640000645,0.8302668400000002,626.61693
MER_FLOORS_CH20_S5,INSPIRE,3,0.9445095700000001,34.67763064000151,0.8539641900000001,739.77683
MER_FLOORS_CH20_S5,INSPIRE,4,0.9158822300000001,87.67734763999826,0.8103557800000002,507.97288
MER_FLOORS_CH20_S5,INSPIRE,5,0.8962746999999999,153.16707663999594,0.7885848599999998,608.86312
MER_FLOORS_CH20_S5,INSPIRE,6,0.90647062,138.99084463999762,0.7987125500000003,543.33373
MER_FLOORS_CH20_S5,INSPIRE,7,0.9070591000000001,112.99044563999588,0.80812886,729.79498
MER_FLOORS_CH20_S5,INSPIRE,8,0.92078417,103.93231263999753,0.83733153,639.6173
MER_FLOORS_CH20_S5,INSPIRE,9,0.92411748,80.91265363999835,0.81120559,551.15733
MER_FLOORS_CH20_S5,INSPIRE,10,0.9276468200000001,84.7951786399986,0.8436452499999999,696.96861
MER_FLOORS_CH20_S5,INSPIRE,11,0.9543233999999999,9.582068640000049,0.86164551,621.42934
MER_FLOORS_CH20_S5,INSPIRE,12,0.9003923700000002,137.166998639995,0.7880194600000001,662.3713799999999
MER_FLOORS_CH20_S5,INSPIRE,13,0.9635464099999999,-0.5557793600001184,0.8553959299999998,772.2611999999999
MER_FLOORS_CH20_S5,INSPIRE,14,0.9419605300000002,71.93240663999845,0.85964638,622.10865
MER_FLOORS_CH20_S5,INSPIRE,15,0.9547185,40.297354640001174,0.8571043199999998,560.82521
MER_FLOORS_CH20_S5,INSPIRE,16,0.9394115500000002,65.46192164000091,0.8454115999999999,640.4683699999999
MER_FLOORS_CH20_S5,INSPIRE,17,0.91666661,126.73599763999712,0.8220792100000003,533.8063999999999
MER_FLOORS_CH20_S5,INSPIRE,18,0.9299997100000001,68.44239663999923,0.84547086,765.63688
MER_FLOORS_CH20_S5,INSPIRE,19,0.9405880200000002,73.73631863999691,0.8406727699999998,613.8384699999999
MER_FLOORS_CH20_S5,INSPIRE,20,0.9384311400000003,54.834465640001376,0.8392614699999997,723.84376
MER_FLOORS_CH20_S5,INSPIRE,21,0.97197125,-3.321773360000118,0.8992105599999999,679.44747
MER_FLOORS_CH20_S5,INSPIRE,22,0.9001963100000002,140.7161016399962,0.80792131,627.0839
MER_FLOORS_CH20_S5,INSPIRE,23,0.91607826,78.36386663999903,0.7981255499999999,661.46724
MER_FLOORS_CH20_S5,INSPIRE,24,0.9074509699999999,155.10856463999957,0.79003844,499.79319999999996
MER_FLOORS_CH20_S5,INSPIRE,25,0.9380390100000002,85.97150663999776,0.8437446100000001,582.80944
MER_FLOORS_CH20_S5,Neural Bandit (GM),1,0.9070588400000003,131.61834663999736,0.7754727000000001,661.37977
MER_FLOORS_CH20_S5,Neural Bandit (GM),2,0.9523526800000002,47.34439464000229,0.83584083,790.73804
MER_FLOORS_CH20_S5,Neural Bandit (GM),3,0.9505879400000004,61.69728464000163,0.8754991799999999,631.34708
MER_FLOORS_CH20_S5,Neural Bandit (GM),4,0.9529408800000003,44.75617364000252,0.8633792,746.04503
MER_FLOORS_CH20_S5,Neural Bandit (GM),5,0.90274532,155.1474186399948,0.8081545699999999,596.52807
MER_FLOORS_CH20_S5,Neural Bandit (GM),6,0.9215685400000002,116.38323763999647,0.8076764300000001,604.08152
MER_FLOORS_CH20_S5,Neural Bandit (GM),7,0.9113728400000001,149.87290563999497,0.83503095,642.84046
MER_FLOORS_CH20_S5,Neural Bandit (GM),8,0.9272547400000001,97.28530263999714,0.82303431,642.13303
MER_FLOORS_CH20_S5,Neural Bandit (GM),9,0.9476468300000004,98.46172963999503,0.83618493,663.30674
MER_FLOORS_CH20_S5,Neural Bandit (GM),10,0.9313723300000001,96.32463163999779,0.84857869,632.46831
MER_FLOORS_CH20_S5,Neural Bandit (GM),11,0.8947081899999999,62.75614664000122,0.7620798099999998,585.13623
MER_FLOORS_CH20_S5,Neural Bandit (GM),12,0.9103924600000001,126.24528763999237,0.8172953199999999,633.7534899999999
MER_FLOORS_CH20_S5,Neural Bandit (GM),13,0.9556946799999999,51.81019164000118,0.82795239,658.04575
MER_FLOORS_CH20_S5,Neural Bandit (GM),14,0.9278430700000001,92.38334863999606,0.82594715,649.31332
MER_FLOORS_CH20_S5,Neural Bandit (GM),15,0.96707112,19.521064640001825,0.85992739,769.1816699999999
MER_FLOORS_CH20_S5,Neural Bandit (GM),16,0.91039208,147.8341756399993,0.8125408299999998,731.8532299999999
MER_FLOORS_CH20_S5,Neural Bandit (GM),17,0.8909804199999999,112.32435263999717,0.76943104,552.98288
MER_FLOORS_CH20_S5,Neural Bandit (GM),18,0.9280391100000002,91.65780063999739,0.8030437800000001,732.39356
MER_FLOORS_CH20_S5,Neural Bandit (GM),19,0.9439213200000003,71.63844163999885,0.8623221700000002,597.7117099999999
MER_FLOORS_CH20_S5,Neural Bandit (GM),20,0.9472546100000003,68.40314963999903,0.82719568,692.97871
MER_FLOORS_CH20_S5,Neural Bandit (GM),21,0.9119606900000001,77.00594963999986,0.7617683,575.32001
MER_FLOORS_CH20_S5,Neural Bandit (GM),22,0.8898041500000002,146.6963986399941,0.8067767199999999,607.62325
MER_FLOORS_CH20_S5,Neural Bandit (GM),23,0.9205881300000001,115.48139763999718,0.8124042800000002,649.58346
MER_FLOORS_CH20_S5,Neural Bandit (GM),24,0.9529408800000003,55.618886640001904,0.8642355699999998,708.88833
MER_FLOORS_CH20_S5,Neural Bandit (GM),25,0.89960788,91.30493663999778,0.7786065100000001,563.8578699999999
MER_FLOORS_CH20_S5,QNN Bandit (GM),1,0.8943134500000002,145.65798264000588,0.80868999,709.74091
MER_FLOORS_CH20_S5,QNN Bandit (GM),2,0.9013724800000001,127.24606663999441,0.8195275099999998,782.62241
MER_FLOORS_CH20_S5,QNN Bandit (GM),3,0.9572545900000002,94.59916663999329,0.90666755,836.2633999999999
MER_FLOORS_CH20_S5,QNN Bandit (GM),4,0.9584310700000003,99.01091463999336,0.8913998299999999,783.00337
MER_FLOORS_CH20_S5,QNN Bandit (GM),5,0.9043140100000002,149.87276463999135,0.7898761300000001,731.96412
MER_FLOORS_CH20_S5,QNN Bandit (GM),6,0.9364702700000003,141.10876564000284,0.8568576400000001,711.63045
MER_FLOORS_CH20_S5,QNN Bandit (GM),7,0.9149022900000002,164.990491639993,0.8644046600000002,903.57299
MER_FLOORS_CH20_S5,QNN Bandit (GM),8,0.9380388300000001,114.71692363999787,0.8298642900000002,802.71868
MER_FLOORS_CH20_S5,QNN Bandit (GM),9,0.9086272500000001,106.12850663999414,0.8165263500000001,747.983
MER_FLOORS_CH20_S5,QNN Bandit (GM),10,0.9305879300000001,137.93240264000192,0.8600193500000001,639.45328
MER_FLOORS_CH20_S5,QNN Bandit (GM),11,0.9554925199999998,73.86813064000256,0.88295954,877.60515
MER_FLOORS_CH20_S5,QNN Bandit (GM),12,0.90196105,159.93161763999194,0.8001423400000001,804.53945
MER_FLOORS_CH20_S5,QNN Bandit (GM),13,0.9635329399999999,52.64228864000226,0.8740810999999999,724.27163
MER_FLOORS_CH20_S5,QNN Bandit (GM),14,0.9549016800000004,103.97172163999343,0.88740442,884.55273
MER_FLOORS_CH20_S5,QNN Bandit (GM),15,0.9590292599999999,59.7996546400028,0.8676932,764.96533
MER_FLOORS_CH20_S5,QNN Bandit (GM),16,0.9549016600000002,74.89334563999277,0.8622201299999999,936.34465
MER_FLOORS_CH20_S5,QNN Bandit (GM),17,0.9331368900000001,130.2658286399994,0.8682420299999998,872.51596
MER_FLOORS_CH20_S5,QNN Bandit (GM),18,0.9362741100000003,130.40315864,0.8589919599999999,803.10903
MER_FLOORS_CH20_S5,QNN Bandit (GM),19,0.9403918800000001,118.05012063999398,0.8427436500000001,661.66085
MER_FLOORS_CH20_S5,QNN Bandit (GM),20,0.9537251800000004,79.83452263999183,0.8820583800000001,1002.47813
MER_FLOORS_CH20_S5,QNN Bandit (GM),21,0.9676469099999998,60.041188640002545,0.8932839999999999,725.5505899999999
MER_FLOORS_CH20_S5,QNN Bandit (GM),22,0.9080395000000001,185.71601963999413,0.8199688600000001,689.3995
MER_FLOORS_CH20_S5,QNN Bandit (GM),23,0.9362741600000001,119.05026063999777,0.8360353800000003,853.3550399999999
MER_FLOORS_CH20_S5,QNN Bandit (GM),24,0.9578428300000003,87.57955063999333,0.8800217299999998,835.42792
MER_FLOORS_CH20_S5,QNN Bandit (GM),25,0.9578428300000003,97.736402639993,0.89867316,843.26401
MER_FLOORS_CH20_S5,Neural Bandit (HCM),1,0.9315683400000002,64.12876163999948,0.85474331,811.19656
MER_FLOORS_CH20_S5,Neural Bandit (HCM),2,0.9486271800000003,21.991422640002067,0.8403338899999998,745.8747999999999
MER_FLOORS_CH20_S5,Neural Bandit (HCM),3,0.9564702700000004,17.756155640002053,0.8892813599999999,751.1468199999999
MER_FLOORS_CH20_S5,Neural Bandit (HCM),4,0.9576467600000004,14.952261640001932,0.8978477599999999,881.7996599999999
MER_FLOORS_CH20_S5,Neural Bandit (HCM),5,0.9154905200000002,96.22563063999527,0.8261881299999999,741.10254
MER_FLOORS_CH20_S5,Neural Bandit (HCM),6,0.9343133800000003,53.34448663999941,0.8613791600000001,779.66157
MER_FLOORS_CH20_S5,Neural Bandit (HCM),7,0.9200003600000002,83.97069963999664,0.8798905900000001,1150.42272
MER_FLOORS_CH20_S5,Neural Bandit (HCM),8,0.9317644200000003,63.99155363999947,0.8241461499999998,894.67176
MER_FLOORS_CH20_S5,Neural Bandit (HCM),9,0.9599996900000002,3.14835863999963,0.9360843900000002,1085.63849
MER_FLOORS_CH20_S5,Neural Bandit (HCM),10,0.9303919300000001,65.03064763999939,0.8374715,766.4286199999999
MER_FLOORS_CH20_S5,Neural Bandit (HCM),11,0.96981908,-6.833909360000071,0.8781973599999999,772.60942
MER_FLOORS_CH20_S5,Neural Bandit (HCM),12,0.9147062300000002,101.36288963999436,0.8595459299999999,869.18036
MER_FLOORS_CH20_S5,Neural Bandit (HCM),13,0.9749048699999999,-19.974764360000087,0.9006786899999999,988.9117
MER_FLOORS_CH20_S5,Neural Bandit (HCM),14,0.9450978200000003,15.187526640001227,0.8898889099999999,1015.3164099999999
MER_FLOORS_CH20_S5,Neural Bandit (HCM),15,0.9794115999999998,-23.16712636000007,0.9588673399999998,1180.9686
MER_FLOORS_CH20_S5,Neural Bandit (HCM),16,0.9584310800000003,12.756162640000827,0.9153176399999999,1018.2627699999999
MER_FLOORS_CH20_S5,Neural Bandit (HCM),17,0.92999964,71.10915763999944,0.8632058100000001,1061.26777
MER_FLOORS_CH20_S5,Neural Bandit (HCM),18,0.9390191600000003,51.2269786399994,0.8983282699999999,1033.65256
MER_FLOORS_CH20_S5,Neural Bandit (HCM),19,0.9523526700000002,21.756133640002073,0.8919615699999999,953.66918
MER_FLOORS_CH20_S5,Neural Bandit (HCM),20,0.9499996900000002,30.65807364000202,0.87139006,889.32634
MER_FLOORS_CH20_S5,Neural Bandit (HCM),21,0.9754912599999999,-11.328227360000051,0.9177160199999999,982.1092199999999
MER_FLOORS_CH20_S5,Neural Bandit (HCM),22,0.9196082000000001,91.42169063999545,0.8644996599999999,906.05599
MER_FLOORS_CH20_S5,Neural Bandit (HCM),23,0.9235292900000002,85.95180363999789,0.7759738500000001,692.96156
MER_FLOORS_CH20_S5,Neural Bandit (HCM),24,0.9523526600000003,15.873803640001912,0.8663296999999999,830.73061
MER_FLOORS_CH20_S5,Neural Bandit (HCM),25,0.9607840000000003,8.540484639999642,0.9326373499999998,1098.6335199999999
MER_FLOORS_CH20_S5,QNN Bandit (HCM),1,0.9331368900000002,54.638605639999426,0.8101198700000001,904.91433
MER_FLOORS_CH20_S5,QNN Bandit (HCM),2,0.9592153700000003,6.2071646399996405,0.8884952799999999,919.95102
MER_FLOORS_CH20_S5,QNN Bandit (HCM),3,0.9503918600000004,28.99140564000159,0.8557023699999999,745.85609
MER_FLOORS_CH20_S5,QNN Bandit (HCM),4,0.9478428800000002,20.83456164000209,0.8875162999999999,820.77388
MER_FLOORS_CH20_S5,QNN Bandit (HCM),5,0.9164709200000002,100.22566663999453,0.8358083399999999,771.5803
MER_FLOORS_CH20_S5,QNN Bandit (HCM),6,0.9392152500000003,55.99164463999941,0.8839853000000001,989.9013
MER_FLOORS_CH20_S5,QNN Bandit (HCM),7,0.9176474,98.75504763999396,0.8716218699999999,1155.44793
MER_FLOORS_CH20_S5,QNN Bandit (HCM),8,0.9358820100000002,59.462170639999385,0.84381802,893.25702
MER_FLOORS_CH20_S5,QNN Bandit (HCM),9,0.9580389200000002,6.226772639999634,0.9177962100000001,1097.91706
MER_FLOORS_CH20_S5,QNN Bandit (HCM),10,0.9356858600000001,73.30521463999932,0.8798403300000001,942.27545
MER_FLOORS_CH20_S5,QNN Bandit (HCM),11,0.9705935800000001,-12.577535360000136,0.88939302,779.49288
MER_FLOORS_CH20_S5,QNN Bandit (HCM),12,0.9031375400000001,104.10803063999393,0.82831469,860.91148
MER_FLOORS_CH20_S5,QNN Bandit (HCM),13,0.9733399199999998,-4.464448360000035,0.8929790700000001,947.1103499999999
MER_FLOORS_CH20_S5,QNN Bandit (HCM),14,0.9580389100000002,6.462073639999636,0.89308393,980.3756099999999
MER_FLOORS_CH20_S5,QNN Bandit (HCM),15,0.9688233799999998,-21.304383360000084,0.9033300599999998,1061.6894499999999
MER_FLOORS_CH20_S5,QNN Bandit (HCM),16,0.9598036200000004,13.265983640001997,0.9442567599999999,1263.80114
MER_FLOORS_CH20_S5,QNN Bandit (HCM),17,0.9401956300000002,59.18769063999941,0.8914624000000001,1095.5400499999998
MER_FLOORS_CH20_S5,QNN Bandit (HCM),18,0.9388231100000002,51.01129163999941,0.8880475800000001,986.3080799999999
MER_FLOORS_CH20_S5,QNN Bandit (HCM),19,0.9492154400000004,19.207116640001953,0.9139464699999997,984.2297299999999
MER_FLOORS_CH20_S5,QNN Bandit (HCM),20,0.9564703000000003,25.540450640002277,0.8575609500000002,856.13788
MER_FLOORS_CH20_S5,QNN Bandit (HCM),21,0.9766683599999999,-17.520042360000062,0.9209456199999999,1197.67202
MER_FLOORS_CH20_S5,QNN Bandit (HCM),22,0.9123532700000001,122.30416363999309,0.8469528499999999,862.44516
MER_FLOORS_CH20_S5,QNN Bandit (HCM),23,0.9149017900000002,72.63832363999907,0.79932039,727.66814
MER_FLOORS_CH20_S5,QNN Bandit (HCM),24,0.9507840500000002,7.893455639999621,0.8646152700000002,917.7507899999999
MER_FLOORS_CH20_S5,QNN Bandit (HCM),25,0.9437252300000003,10.28559863999963,0.89164938,940.74218
MER_FLOORS_BAD_DIM,Default 802.11ax,1,0.40000006,895.9309360400023,0.3463732400000001,200.625
MER_FLOORS_BAD_DIM,Default 802.11ax,2,0.3858823599999999,926.2250750399999,0.32432729999999993,204.272921
MER_FLOORS_BAD_DIM,Default 802.11ax,3,0.38392157000000005,935.1270205400019,0.31657097,217.493403
MER_FLOORS_BAD_DIM,Default 802.11ax,4,0.3898039300000001,908.5191960400037,0.32198538,225.17181
MER_FLOORS_BAD_DIM,Default 802.11ax,5,0.3399998999999999,1041.9508300399948,0.27295749999999996,279.10168
MER_FLOORS_BAD_DIM,Default 802.11ax,6,0.3978431700000001,914.3819280400049,0.34424371,246.48293099999998
MER_FLOORS_BAD_DIM,Default 802.11ax,7,0.36882354000000006,965.1663060399997,0.2990865,198.53243799999998
MER_FLOORS_BAD_DIM,Default 802.11ax,8,0.37882353,936.5388310400024,0.30995171,213.786158
MER_FLOORS_BAD_DIM,Default 802.11ax,9,0.37235298000000017,922.9113580400024,0.32106368,176.35611699999998
MER_FLOORS_BAD_DIM,Default 802.11ax,10,0.36235296,957.9505800400012,0.29733985,198.975993
MER_FLOORS_BAD_DIM,Default 802.11ax,11,0.36960781000000004,937.0094290400024,0.28835850999999996,209.29658999999998
MER_FLOORS_BAD_DIM,Default 802.11ax,12,0.37392156000000015,933.3623290399989,0.3264225399999999,178.836006
MER_FLOORS_BAD_DIM,Default 802.11ax,13,0.37333324999999995,982.3232288400006,0.29690003,186.506574
MER_FLOORS_BAD_DIM,Default 802.11ax,14,0.37823529,940.5780520400026,0.31829104,206.47789
MER_FLOORS_BAD_DIM,Default 802.11ax,15,0.36529410999999995,966.5192390400006,0.30594232,181.46887099999998
MER_FLOORS_BAD_DIM,Default 802.11ax,16,0.39921576999999997,910.2642480400024,0.34806998000000006,208.768743
MER_FLOORS_BAD_DIM,Default 802.11ax,17,0.3603921399999999,954.0094420400017,0.29257837,209.604224
MER_FLOORS_BAD_DIM,Default 802.11ax,18,0.37411765,953.3427730400014,0.30772527000000005,211.38909999999998
MER_FLOORS_BAD_DIM,Default 802.11ax,19,0.3866667000000001,922.9113470399991,0.32785353,185.51336999999998
MER_FLOORS_BAD_DIM,Default 802.11ax,20,0.3941176599999999,920.6957180400013,0.34238572999999994,184.47653
MER_FLOORS_BAD_DIM,Default 802.11ax,21,0.39784316000000003,918.2447000400042,0.33903256000000004,203.546732
MER_FLOORS_BAD_DIM,Default 802.11ax,22,0.39411771,923.7740930400018,0.34163213,185.394612
MER_FLOORS_BAD_DIM,Default 802.11ax,23,0.3666666600000001,952.793733040002,0.30352079,231.68992
MER_FLOORS_BAD_DIM,Default 802.11ax,24,0.38862751,883.4603730400021,0.3381286099999999,187.94791899999998
MER_FLOORS_BAD_DIM,Default 802.11ax,25,0.3672548899999999,916.4211410400013,0.27297924,243.31757
MER_FLOORS_BAD_DIM,\epsilon-greedy,1,0.6490196300000001,457.0289866400035,0.53896594,347.296728
MER_FLOORS_BAD_DIM,\epsilon-greedy,2,0.6860784399999998,571.715349039991,0.5700950499999999,350.87906
MER_FLOORS_BAD_DIM,\epsilon-greedy,3,0.57607834,654.9703252399909,0.47827563999999995,314.37663499999996
MER_FLOORS_BAD_DIM,\epsilon-greedy,4,0.57254905,579.6172088399976,0.4412502200000001,249.773257
MER_FLOORS_BAD_DIM,\epsilon-greedy,5,0.59705884,534.8917525399978,0.45738410000000007,284.13156499999997
MER_FLOORS_BAD_DIM,\epsilon-greedy,6,0.518039244,559.9898066399991,0.36869066000000006,184.2188178
MER_FLOORS_BAD_DIM,\epsilon-greedy,7,0.632353,515.4603440400022,0.47306373999999995,351.61453
MER_FLOORS_BAD_DIM,\epsilon-greedy,8,0.64058832,496.4015080400029,0.51124133,316.344242
MER_FLOORS_BAD_DIM,\epsilon-greedy,9,0.60235302,582.342719839998,0.46855127,241.396788
MER_FLOORS_BAD_DIM,\epsilon-greedy,10,0.6480392399999999,539.244713039996,0.48457558,335.236471
MER_FLOORS_BAD_DIM,\epsilon-greedy,11,0.5498038399999999,657.8330072399993,0.45194891,323.00913399999996
MER_FLOORS_BAD_DIM,\epsilon-greedy,12,0.57921565,599.2252532399908,0.46248589,370.103923
MER_FLOORS_BAD_DIM,\epsilon-greedy,13,0.74215694,371.5975980399981,0.5117136800000001,373.645562
MER_FLOORS_BAD_DIM,\epsilon-greedy,14,0.68137255,431.499604840002,0.51821035,320.662045
MER_FLOORS_BAD_DIM,\epsilon-greedy,15,0.60372552,611.2055600399921,0.48147643,361.644706
MER_FLOORS_BAD_DIM,\epsilon-greedy,16,0.54588238,549.989800539997,0.41699777999999993,191.174195
MER_FLOORS_BAD_DIM,\epsilon-greedy,17,0.58019608,637.0879136399952,0.46027459,410.88196999999997
MER_FLOORS_BAD_DIM,\epsilon-greedy,18,0.63470588,629.1271476399954,0.50844593,244.28739199999998
MER_FLOORS_BAD_DIM,\epsilon-greedy,19,0.63431379,651.2643210399999,0.5128678299999999,325.282824
MER_FLOORS_BAD_DIM,\epsilon-greedy,20,0.65176474,415.91132764000037,0.4872907399999999,307.85384799999997
MER_FLOORS_BAD_DIM,\epsilon-greedy,21,0.6241176599999999,478.0682660400038,0.51612085,289.7455
MER_FLOORS_BAD_DIM,\epsilon-greedy,22,0.57823525,573.3820038399938,0.47292912000000004,328.696509
MER_FLOORS_BAD_DIM,\epsilon-greedy,23,0.55921557,715.1075896399932,0.43699313000000006,276.5016
MER_FLOORS_BAD_DIM,\epsilon-greedy,24,0.6529411999999999,470.7152646400014,0.485502,259.722196
MER_FLOORS_BAD_DIM,\epsilon-greedy,25,0.6290196699999999,572.146668039994,0.5230317000000001,275.82228699999996
MER_FLOORS_BAD_DIM,GM-TS,1,0.52,687.8917920399937,0.41168305999999993,224.66581599999998
MER_FLOORS_BAD_DIM,GM-TS,2,0.41450972999999997,864.3624640400035,0.34635565999999995,247.83995099999999
MER_FLOORS_BAD_DIM,GM-TS,3,0.4339215600000001,895.0486150399994,0.35496998999999996,216.23164
MER_FLOORS_BAD_DIM,GM-TS,4,0.48607844,639.7153114399991,0.38090391,169.697486
MER_FLOORS_BAD_DIM,GM-TS,5,0.51254917,642.0876750400008,0.3798993199999999,270.209885
MER_FLOORS_BAD_DIM,GM-TS,6,0.53274506,519.2643168399997,0.37490198999999996,196.02452
MER_FLOORS_BAD_DIM,GM-TS,7,0.51549022,658.9310174399991,0.362869936,185.735153
MER_FLOORS_BAD_DIM,GM-TS,8,0.5203921,638.0878603399993,0.36928709000000004,194.448858
MER_FLOORS_BAD_DIM,GM-TS,9,0.59549021,561.5191980399987,0.4478974,281.442458
MER_FLOORS_BAD_DIM,GM-TS,10,0.6303921900000001,526.0682459399972,0.47378552000000007,229.86754
MER_FLOORS_BAD_DIM,GM-TS,11,0.55215696,688.0486353399958,0.43104591999999997,291.56323
MER_FLOORS_BAD_DIM,GM-TS,12,0.6515686399999998,606.4015882400004,0.50267584,301.02496099999996
MER_FLOORS_BAD_DIM,GM-TS,13,0.5970589000000001,553.6368810400003,0.41250190000000003,223.215074
MER_FLOORS_BAD_DIM,GM-TS,14,0.52784319,640.2446572400005,0.41415322,229.219464
MER_FLOORS_BAD_DIM,GM-TS,15,0.6003921799999999,623.6956988399991,0.4802860799999999,235.159799
MER_FLOORS_BAD_DIM,GM-TS,16,0.5962745300000001,604.4604030400019,0.5092285400000001,265.42668299999997
MER_FLOORS_BAD_DIM,GM-TS,17,0.50235293,641.9113800399991,0.37542267,232.842398
MER_FLOORS_BAD_DIM,GM-TS,18,0.5086274099999999,819.7546026399993,0.4245569700000001,265.286154
MER_FLOORS_BAD_DIM,GM-TS,19,0.54647059,564.1859150399981,0.42374882900000005,234.402434
MER_FLOORS_BAD_DIM,GM-TS,20,0.43352942000000005,869.8525640399984,0.36064881,187.138991
MER_FLOORS_BAD_DIM,GM-TS,21,0.58470593,632.8721787399979,0.47093513000000004,215.23062099999999
MER_FLOORS_BAD_DIM,GM-TS,22,0.56176473,591.9113597399985,0.46065019,251.016244
MER_FLOORS_BAD_DIM,GM-TS,23,0.59039212,584.2251456400016,0.43093653000000004,323.964831
MER_FLOORS_BAD_DIM,GM-TS,24,0.5607843300000002,544.7152919400004,0.438235423,238.39541799999998
MER_FLOORS_BAD_DIM,GM-TS,25,0.42509805000000006,860.5192170400006,0.33073471,225.30300499999998
MER_FLOORS_BAD_DIM,HCM-TS,1,0.7707843399999998,321.79373784000063,0.65360604,396.73073999999997
MER_FLOORS_BAD_DIM,HCM-TS,2,0.7617647300000001,352.30355483999716,0.6043867600000001,393.98068
MER_FLOORS_BAD_DIM,HCM-TS,3,0.69803928,429.479999039996,0.5464593299999999,310.00414
MER_FLOORS_BAD_DIM,HCM-TS,4,0.83980395,156.2839580400024,0.6955947299999998,432.55073
MER_FLOORS_BAD_DIM,HCM-TS,5,0.7166667800000001,319.6172235400003,0.53463954,406.54377999999997
MER_FLOORS_BAD_DIM,HCM-TS,6,0.73450981,348.2839040399967,0.5744971500000001,361.05598
MER_FLOORS_BAD_DIM,HCM-TS,7,0.73784308,383.9114240399958,0.5930600199999999,363.07984999999996
MER_FLOORS_BAD_DIM,HCM-TS,8,0.6933333500000001,356.83296774000024,0.5433596799999999,295.53123999999997
MER_FLOORS_BAD_DIM,HCM-TS,9,0.74352947,351.401581639998,0.60242809,326.34942
MER_FLOORS_BAD_DIM,HCM-TS,10,0.77803918,395.0878818400012,0.6491826699999999,408.68323999999996
MER_FLOORS_BAD_DIM,HCM-TS,11,0.6621569299999999,489.00940103999756,0.54292301,324.87066
MER_FLOORS_BAD_DIM,HCM-TS,12,0.75117651,306.3035738400008,0.62923467,372.99282999999997
MER_FLOORS_BAD_DIM,HCM-TS,13,0.7992157,267.65644284000183,0.6559101300000001,422.79847
MER_FLOORS_BAD_DIM,HCM-TS,14,0.8472548999999999,90.55841304000057,0.7057422000000001,397.79729
MER_FLOORS_BAD_DIM,HCM-TS,15,0.7766667000000002,261.0289910400021,0.6024196399999999,417.90443999999997
MER_FLOORS_BAD_DIM,HCM-TS,16,0.7141175700000001,377.2251698399962,0.5717245,382.43117
MER_FLOORS_BAD_DIM,HCM-TS,17,0.72607846,438.8133020399981,0.58928391,371.26730399999997
MER_FLOORS_BAD_DIM,HCM-TS,18,0.5960784800000001,492.7741109399987,0.45491326,265.92022
MER_FLOORS_BAD_DIM,HCM-TS,19,0.8480391500000001,334.3623554400003,0.6868341699999999,415.69791999999995
MER_FLOORS_BAD_DIM,HCM-TS,20,0.6694117700000001,401.7153274399986,0.55021743,280.496145
MER_FLOORS_BAD_DIM,HCM-TS,21,0.8382351900000002,186.79381104000115,0.6738854499999999,448.41657999999995
MER_FLOORS_BAD_DIM,HCM-TS,22,0.73941181,394.7741157399956,0.61708293,345.90538
MER_FLOORS_BAD_DIM,HCM-TS,23,0.69176474,413.6563870399967,0.5278963099999998,399.627485
MER_FLOORS_BAD_DIM,HCM-TS,24,0.8582446399999999,145.69262504000002,0.71626781,430.35512
MER_FLOORS_BAD_DIM,HCM-TS,25,0.71647054,359.8329450399966,0.6017506999999999,344.056371
MER_FLOORS_BAD_DIM,INSPIRE,1,0.6523529500000003,519.146665840001,0.55353201,273.32992
MER_FLOORS_BAD_DIM,INSPIRE,2,0.5523529,510.7937080400004,0.4111187300000001,173.94506199999998
MER_FLOORS_BAD_DIM,INSPIRE,3,0.4994117800000001,529.65650204,0.36396468000000004,163.89929999999998
MER_FLOORS_BAD_DIM,INSPIRE,4,0.7586274399999999,506.5780290399981,0.56606033,316.77056999999996
MER_FLOORS_BAD_DIM,INSPIRE,5,0.6841176899999999,431.85253903999825,0.5352343600000001,310.95047
MER_FLOORS_BAD_DIM,INSPIRE,6,0.6690196500000001,509.24470414000007,0.5097453700000001,236.90411
MER_FLOORS_BAD_DIM,INSPIRE,7,0.58686276,528.0290180399973,0.44559179,226.842717
MER_FLOORS_BAD_DIM,INSPIRE,8,0.57039212,674.6369200400012,0.4292787,230.20792999999998
MER_FLOORS_BAD_DIM,INSPIRE,9,0.51117647,626.734940139998,0.36578803,126.96588299999999
MER_FLOORS_BAD_DIM,INSPIRE,10,0.5594117799999999,508.10741603999907,0.43116589000000005,194.523837
MER_FLOORS_BAD_DIM,INSPIRE,11,0.57725491,721.2055088399959,0.42340907,215.60855999999998
MER_FLOORS_BAD_DIM,INSPIRE,12,0.5060784,585.9310250399981,0.36593703999999994,148.981327
MER_FLOORS_BAD_DIM,INSPIRE,13,0.6717647399999999,403.6368500399983,0.5318787400000001,248.63323
MER_FLOORS_BAD_DIM,INSPIRE,14,0.6415686700000001,435.9701920400002,0.47301046,177.63670199999999
MER_FLOORS_BAD_DIM,INSPIRE,15,0.61725486,485.14667133999995,0.41719247,210.964382
MER_FLOORS_BAD_DIM,INSPIRE,16,0.6874509799999999,548.9309720399968,0.5331913199999999,332.72389999999996
MER_FLOORS_BAD_DIM,INSPIRE,17,0.6409804200000001,596.8329830399987,0.44253060000000005,250.1918
MER_FLOORS_BAD_DIM,INSPIRE,18,0.6113725600000001,637.421210039998,0.45502049,173.826361
MER_FLOORS_BAD_DIM,INSPIRE,19,0.6288235300000001,450.49959943999977,0.48642644999999995,252.174997
MER_FLOORS_BAD_DIM,INSPIRE,20,0.57156862,655.7741690399986,0.41449304,160.762022
MER_FLOORS_BAD_DIM,INSPIRE,21,0.5556862399999999,615.2447340399978,0.41776608,174.619665
MER_FLOORS_BAD_DIM,INSPIRE,22,0.5939215800000001,577.6564720399969,0.45716817000000004,193.415122
MER_FLOORS_BAD_DIM,INSPIRE,23,0.55882355,604.4800520399975,0.41732600999999997,200.54694999999998
MER_FLOORS_BAD_DIM,INSPIRE,24,0.6329411699999999,492.85256703999715,0.47250060000000005,190.337134
MER_FLOORS_BAD_DIM,INSPIRE,25,0.55784313,628.734952039998,0.3980563500000001,184.12199099999998
MER_FLOORS_BAD_DIM,Neural Bandit (GM),1,0.58196072,590.1469010399904,0.46286429000000007,369.27934999999997
MER_FLOORS_BAD_DIM,Neural Bandit (GM),2,0.62647063,483.8132770399973,0.4384378399999999,280.35408
MER_FLOORS_BAD_DIM,Neural Bandit (GM),3,0.58392161,543.2839318399905,0.5075059199999999,287.85595
MER_FLOORS_BAD_DIM,Neural Bandit (GM),4,0.60352941,530.9113846399932,0.48699673999999993,300.81413
MER_FLOORS_BAD_DIM,Neural Bandit (GM),5,0.59450985,439.3034510400014,0.41773281000000007,282.71205
MER_FLOORS_BAD_DIM,Neural Bandit (GM),6,0.7143135599999998,360.06849504000974,0.64021226,487.16614
MER_FLOORS_BAD_DIM,Neural Bandit (GM),7,0.6133333099999999,575.7545786399918,0.4569663,320.9728
MER_FLOORS_BAD_DIM,Neural Bandit (GM),8,0.6519608800000001,490.6171970399969,0.5350150699999999,280.47274999999996
MER_FLOORS_BAD_DIM,Neural Bandit (GM),9,0.6378432399999999,494.53872603997667,0.5467915299999999,481.43037
MER_FLOORS_BAD_DIM,Neural Bandit (GM),10,0.6437255499999999,437.9505430400029,0.5062462799999999,372.12924999999996
MER_FLOORS_BAD_DIM,Neural Bandit (GM),11,0.5798038599999998,577.5978340399903,0.45363869,329.10402999999997
MER_FLOORS_BAD_DIM,Neural Bandit (GM),12,0.6166666299999999,528.8525650399904,0.47527772999999995,363.43737
MER_FLOORS_BAD_DIM,Neural Bandit (GM),13,0.6811765100000001,393.8133450400018,0.4617881999999999,331.44802999999996
MER_FLOORS_BAD_DIM,Neural Bandit (GM),14,0.7545099199999998,280.20542934000065,0.5640277300000001,386.27112999999997
MER_FLOORS_BAD_DIM,Neural Bandit (GM),15,0.6676470999999999,322.970160040001,0.48606675000000005,321.05251
MER_FLOORS_BAD_DIM,Neural Bandit (GM),16,0.5815685599999999,561.6565540399926,0.44609124,287.48584999999997
MER_FLOORS_BAD_DIM,Neural Bandit (GM),17,0.6186275,473.95043203999455,0.39958994000000003,336.58101999999997
MER_FLOORS_BAD_DIM,Neural Bandit (GM),18,0.6886274800000001,399.4210630400061,0.53026994,382.06415
MER_FLOORS_BAD_DIM,Neural Bandit (GM),19,0.68098047,448.51914304000206,0.5487938699999999,371.03303
MER_FLOORS_BAD_DIM,Neural Bandit (GM),20,0.72588236,379.2054950399999,0.5665066699999999,406.17685
MER_FLOORS_BAD_DIM,Neural Bandit (GM),21,0.7645098699999999,269.85250203999993,0.61691368,408.59574
MER_FLOORS_BAD_DIM,Neural Bandit (GM),22,0.56039209,650.8722478399959,0.43869472000000004,271.22175
MER_FLOORS_BAD_DIM,Neural Bandit (GM),23,0.5270587600000001,684.5976970399953,0.3550457500000001,288.11674999999997
MER_FLOORS_BAD_DIM,Neural Bandit (GM),24,0.62470592,479.4211420399983,0.4488393499999999,263.23895
MER_FLOORS_BAD_DIM,Neural Bandit (GM),25,0.59764699,525.6761470399857,0.50594312,303.99822
MER_FLOORS_BAD_DIM,QNN Bandit (GM),1,0.71607824,387.205701840009,0.60298534,532.0511799999999
MER_FLOORS_BAD_DIM,QNN Bandit (GM),2,0.6394118799999999,523.8523600399959,0.5307339,449.68773999999996
MER_FLOORS_BAD_DIM,QNN Bandit (GM),3,0.5933331399999999,552.1662500399938,0.50663249,358.49183
MER_FLOORS_BAD_DIM,QNN Bandit (GM),4,0.8558823200000002,93.55845904000071,0.6948853300000001,444.44073
MER_FLOORS_BAD_DIM,QNN Bandit (GM),5,0.7298039799999998,404.911320040001,0.53025404,415.70418
MER_FLOORS_BAD_DIM,QNN Bandit (GM),6,0.7015685999999998,388.3034940400094,0.5847525499999999,509.84675
MER_FLOORS_BAD_DIM,QNN Bandit (GM),7,0.68960788,425.73486204000073,0.54511486,272.68968
MER_FLOORS_BAD_DIM,QNN Bandit (GM),8,0.73254912,354.73479203999796,0.6047043799999999,364.9428
MER_FLOORS_BAD_DIM,QNN Bandit (GM),9,0.62960787,521.4211250399948,0.47674886000000005,310.05879
MER_FLOORS_BAD_DIM,QNN Bandit (GM),10,0.704902,433.10743304000084,0.5257488100000001,342.72902999999997
MER_FLOORS_BAD_DIM,QNN Bandit (GM),11,0.6972548499999999,379.49962604000234,0.52280083,373.27547999999996
MER_FLOORS_BAD_DIM,QNN Bandit (GM),12,0.7347058799999998,312.06823503999954,0.5694347399999999,314.02519
MER_FLOORS_BAD_DIM,QNN Bandit (GM),13,0.7664706,283.4015970400002,0.5900628600000001,381.12411
MER_FLOORS_BAD_DIM,QNN Bandit (GM),14,0.67588249,457.61708784000314,0.5723926,470.11343
MER_FLOORS_BAD_DIM,QNN Bandit (GM),15,0.7754902699999999,244.49957204000373,0.6169771100000001,462.19298999999995
MER_FLOORS_BAD_DIM,QNN Bandit (GM),16,0.7080392200000002,407.08785704000366,0.57817394,365.03492
MER_FLOORS_BAD_DIM,QNN Bandit (GM),17,0.68431374,419.2642896400031,0.5002314999999999,385.02808999999996
MER_FLOORS_BAD_DIM,QNN Bandit (GM),18,0.7386274999999999,347.75445503999947,0.60639603,375.45392999999996
MER_FLOORS_BAD_DIM,QNN Bandit (GM),19,0.7098039800000001,344.06822184000083,0.5507391700000001,344.38124
MER_FLOORS_BAD_DIM,QNN Bandit (GM),20,0.6680392100000002,353.8721600399992,0.4950157899999999,317.9839
MER_FLOORS_BAD_DIM,QNN Bandit (GM),21,0.59215681,554.9898586399917,0.45921846,295.54839999999996
MER_FLOORS_BAD_DIM,QNN Bandit (GM),22,0.67098045,517.4211420400039,0.56190414,365.33948999999996
MER_FLOORS_BAD_DIM,QNN Bandit (GM),23,0.7113725599999999,345.1859330400026,0.5409891300000002,447.13757999999996
MER_FLOORS_BAD_DIM,QNN Bandit (GM),24,0.65921571,467.7937150400026,0.50410243,347.19676
MER_FLOORS_BAD_DIM,QNN Bandit (GM),25,0.6727452199999999,422.46030684000124,0.56161901,422.04112999999995
MER_FLOORS_BAD_DIM,Neural Bandit (HCM),1,0.8133332100000001,277.28396483999796,0.6679021400000003,446.53951
MER_FLOORS_BAD_DIM,Neural Bandit (HCM),2,0.7492156999999999,364.4015610399934,0.58367647,410.80544
MER_FLOORS_BAD_DIM,Neural Bandit (HCM),3,0.6162746,565.1857870400002,0.43869111999999993,381.57228
MER_FLOORS_BAD_DIM,Neural Bandit (HCM),4,0.7837254500000002,276.55848863999876,0.63487627,395.56735
MER_FLOORS_BAD_DIM,Neural Bandit (HCM),5,0.8058822999999999,320.7937660399891,0.5678222399999999,515.1187699999999
MER_FLOORS_BAD_DIM,Neural Bandit (HCM),6,0.76960814,305.14636303999225,0.6770676299999999,527.11023
MER_FLOORS_BAD_DIM,Neural Bandit (HCM),7,0.7486275400000002,337.4995810399997,0.5997061699999999,502.78828
MER_FLOORS_BAD_DIM,Neural Bandit (HCM),8,0.73941181,247.1466774400011,0.60483955,375.55075
MER_FLOORS_BAD_DIM,Neural Bandit (HCM),9,0.7594117999999999,390.6956830399967,0.61993783,366.44507999999996
MER_FLOORS_BAD_DIM,Neural Bandit (HCM),10,0.7831372700000001,323.95058403999604,0.6824107799999999,370.87691
MER_FLOORS_BAD_DIM,Neural Bandit (HCM),11,0.6760784499999999,498.0878540400036,0.58993753,361.39957
MER_FLOORS_BAD_DIM,Neural Bandit (HCM),12,0.73764712,444.71528903999683,0.60644151,317.56228999999996
MER_FLOORS_BAD_DIM,Neural Bandit (HCM),13,0.73098051,394.0878128399993,0.51514133,427.87681999999995
MER_FLOORS_BAD_DIM,Neural Bandit (HCM),14,0.7831371999999999,349.51912183999025,0.65571787,504.85436
MER_FLOORS_BAD_DIM,Neural Bandit (HCM),15,0.7813727600000003,347.46029803999653,0.6504089799999998,448.14646
MER_FLOORS_BAD_DIM,Neural Bandit (HCM),16,0.7009804599999999,380.14663004,0.5890165900000001,352.95123
MER_FLOORS_BAD_DIM,Neural Bandit (HCM),17,0.7688235299999999,375.46039103999624,0.53682706,384.72357999999997
MER_FLOORS_BAD_DIM,Neural Bandit (HCM),18,0.7352941499999999,361.32312103999726,0.6044623899999999,422.69228
MER_FLOORS_BAD_DIM,Neural Bandit (HCM),19,0.7411764699999999,378.8133736399997,0.5845811099999999,419.05688999999995
MER_FLOORS_BAD_DIM,Neural Bandit (HCM),20,0.81823532,293.95061804000034,0.6625960399999999,410.93511
MER_FLOORS_BAD_DIM,Neural Bandit (HCM),21,0.7850981,369.69559883999585,0.6461959700000002,467.09328
MER_FLOORS_BAD_DIM,Neural Bandit (HCM),22,0.64392151,510.73489203999463,0.53061474,419.28333999999995
MER_FLOORS_BAD_DIM,Neural Bandit (HCM),23,0.77470586,370.4800180399934,0.58052137,425.01126999999997
MER_FLOORS_BAD_DIM,Neural Bandit (HCM),24,0.6970588500000001,278.42117804000225,0.57793812,281.38158999999996
MER_FLOORS_BAD_DIM,Neural Bandit (HCM),25,0.76196081,266.3427100400009,0.6373154299999999,424.80204
MER_FLOORS_BAD_DIM,QNN Bandit (HCM),1,0.87647068,95.4407180400013,0.7529393,534.24364
MER_FLOORS_BAD_DIM,QNN Bandit (HCM),2,0.7627451099999999,371.95061573998817,0.60695259,430.42694
MER_FLOORS_BAD_DIM,QNN Bandit (HCM),3,0.7237255499999999,399.28387003999245,0.5988588199999999,352.25327
MER_FLOORS_BAD_DIM,QNN Bandit (HCM),4,0.8292157100000002,139.30346804000314,0.67716709,426.77752999999996
MER_FLOORS_BAD_DIM,QNN Bandit (HCM),5,0.5731372199999999,450.44077303999927,0.41328169,363.29060999999996
MER_FLOORS_BAD_DIM,QNN Bandit (HCM),6,0.74882371,332.67589903999436,0.62076511,411.43944999999997
MER_FLOORS_BAD_DIM,QNN Bandit (HCM),7,0.84333341,160.7937090400009,0.6277354499999999,516.32894
MER_FLOORS_BAD_DIM,QNN Bandit (HCM),8,0.86411769,228.32317734000284,0.6757017100000001,417.4735
MER_FLOORS_BAD_DIM,QNN Bandit (HCM),9,0.8550981299999999,219.65645804000167,0.6781148599999999,489.67247
MER_FLOORS_BAD_DIM,QNN Bandit (HCM),10,0.85784318,111.34271204000038,0.71942049,435.73167
MER_FLOORS_BAD_DIM,QNN Bandit (HCM),11,0.7892155899999999,365.5388530399907,0.7001192499999999,420.12505
MER_FLOORS_BAD_DIM,QNN Bandit (HCM),12,0.77039214,396.42118603999677,0.61010779,352.01899
MER_FLOORS_BAD_DIM,QNN Bandit (HCM),13,0.7872549,334.1074850399955,0.6294415299999999,379.20802
MER_FLOORS_BAD_DIM,QNN Bandit (HCM),14,0.8011763599999999,258.87224034000263,0.6800066299999997,467.01673999999997
MER_FLOORS_BAD_DIM,QNN Bandit (HCM),15,0.85176478,280.8721738400025,0.6699124800000003,455.24231
MER_FLOORS_BAD_DIM,QNN Bandit (HCM),16,0.76705896,353.068011039989,0.63736455,501.803
MER_FLOORS_BAD_DIM,QNN Bandit (HCM),17,0.81705875,321.2448050399976,0.6891514299999999,480.17956
MER_FLOORS_BAD_DIM,QNN Bandit (HCM),18,0.8552941900000001,139.38189504000292,0.7387075500000002,371.74982
MER_FLOORS_BAD_DIM,QNN Bandit (HCM),19,0.79019593,251.73505304000346,0.6622083200000002,465.29276999999996
MER_FLOORS_BAD_DIM,QNN Bandit (HCM),20,0.73509815,412.9309353399935,0.58628968,383.00118
MER_FLOORS_BAD_DIM,QNN Bandit (HCM),21,0.79843128,292.22518403998964,0.6949319299999999,426.73217999999997
MER_FLOORS_BAD_DIM,QNN Bandit (HCM),22,0.86666677,217.16622404000307,0.72227815,467.43215999999995
MER_FLOORS_BAD_DIM,QNN Bandit (HCM),23,0.7931371,354.7742080399879,0.64243043,474.36095
MER_FLOORS_BAD_DIM,QNN Bandit (HCM),24,0.8770588900000001,186.85196104000318,0.73017108,505.22909
MER_FLOORS_BAD_DIM,QNN Bandit (HCM),25,0.8356862600000001,285.02903064000253,0.6823124,426.16226
