topology,display_topology,method,replicates,measurement_cycles,reference_reward,tail_cycles,tail_reward,final_cumulative_loss_ref,tail_fairness,tail_throughput_Mbps
C6o,C6,Default 802.11ax,25,2001,0.92556556,1901--2000,0.80237535,260.49798956000086,0.64413798,232.17247
C6o,C6,\epsilon-greedy,25,2001,0.92556556,1901--2000,0.89028428,105.59160456000005,0.8510555500000001,387.5017
C6o,C6,GM-TS,25,2001,0.92556556,1901--2000,0.84288847,222.42360855999834,0.69006935,274.93998
C6o,C6,HCM-TS,25,2001,0.92556556,1901--2000,0.9144478299999999,45.15536956000002,0.8694382499999999,394.73031
C6o,C6,INSPIRE,25,2001,0.92556556,1901--2000,0.8757498399999999,135.72761156000004,0.7827541299999998,349.09412
C6o,C6,Neural Bandit (GM),25,2001,0.92556556,1901--2000,0.89652158,104.82155156000043,0.81296973,339.94312
C6o,C6,QNN Bandit (GM),25,2001,0.92556556,1901--2000,0.9046400200000001,80.12265456000026,0.8386190600000003,363.40301
C6o,C6,Neural Bandit (HCM),25,2001,0.92556556,1901--2000,0.92080518,24.160652560000045,0.9041360600000001,415.43714
C6o,C6,QNN Bandit (HCM),25,2001,0.92556556,1901--2000,0.9214661000000001,21.59213556000003,0.92680138,429.7695
MER_FLOORS_CH20_S5,ENT-Clustered,Default 802.11ax,25,2001,0.95215664,1901--2000,0.46509799,975.1674046400019,0.38493055,362.89557
MER_FLOORS_CH20_S5,ENT-Clustered,\epsilon-greedy,25,2001,0.95215664,1901--2000,0.9182350600000001,94.46191663999865,0.8247525900000001,696.75318
MER_FLOORS_CH20_S5,ENT-Clustered,GM-TS,25,2001,0.95215664,1901--2000,0.8696161600000002,227.03033564000572,0.74911685,547.37986
MER_FLOORS_CH20_S5,ENT-Clustered,HCM-TS,25,2001,0.95215664,1901--2000,0.9372546700000002,69.10922763999935,0.8664701699999999,1005.78472
MER_FLOORS_CH20_S5,ENT-Clustered,INSPIRE,25,2001,0.95215664,1901--2000,0.9276468200000001,80.91265363999835,0.83733153,627.0839
MER_FLOORS_CH20_S5,ENT-Clustered,Neural Bandit (GM),25,2001,0.95215664,1901--2000,0.9272547400000001,92.38334863999606,0.82303431,642.84046
MER_FLOORS_CH20_S5,ENT-Clustered,QNN Bandit (GM),25,2001,0.95215664,1901--2000,0.9380388300000001,114.71692363999787,0.8622201299999999,802.71868
MER_FLOORS_CH20_S5,ENT-Clustered,Neural Bandit (HCM),25,2001,0.95215664,1901--2000,0.9486271800000003,21.991422640002067,0.8781973599999999,894.67176
MER_FLOORS_CH20_S5,ENT-Clustered,QNN Bandit (HCM),25,2001,0.95215664,1901--2000,0.9478428800000002,25.540450640002277,0.8875162999999999,940.74218
MER_FLOORS_BAD_DIM,ENT-Dispersed,Default 802.11ax,25,2001,0.85254904,1901--2000,0.37823529,933.3623290399989,0.31829104,204.272921
MER_FLOORS_BAD_DIM,ENT-Dispersed,\epsilon-greedy,25,2001,0.85254904,1901--2000,0.6241176599999999,571.715349039991,0.48147643,316.344242
MER_FLOORS_BAD_DIM,ENT-Dispersed,GM-TS,25,2001,0.85254904,1901--2000,0.53274506,638.0878603399993,0.41415322,232.842398
MER_FLOORS_BAD_DIM,ENT-Dispersed,HCM-TS,25,2001,0.85254904,1901--2000,0.73941181,352.30355483999716,0.6024196399999999,382.43117
MER_FLOORS_BAD_DIM,ENT-Dispersed,INSPIRE,25,2001,0.85254904,1901--2000,0.5939215800000001,529.65650204,0.44253060000000005,200.54695
MER_FLOORS_BAD_DIM,ENT-Dispersed,Neural Bandit (GM),25,2001,0.85254904,1901--2000,0.62470592,483.8132770399973,0.48606675000000005,329.10403
MER_FLOORS_BAD_DIM,ENT-Dispersed,QNN Bandit (GM),25,2001,0.85254904,1901--2000,0.7015685999999998,404.911320040001,0.5507391700000001,373.27548
MER_FLOORS_BAD_DIM,ENT-Dispersed,Neural Bandit (HCM),25,2001,0.85254904,1901--2000,0.7594117999999999,361.32312103999726,0.6044623899999999,419.05689
MER_FLOORS_BAD_DIM,ENT-Dispersed,QNN Bandit (HCM),25,2001,0.85254904,1901--2000,0.8011763599999999,285.02903064000253,0.6757017100000001,430.42694
