topology,display_topology,method,extractor_family,batch,backend,scope,calls,mean_ms,median_ms,p95_ms,minimum_ms,maximum_ms
C6o,C6,Neural Bandit (GM),Full-width MLP,1,numpy_frozen_mlp,fresh_feature_forward,1000,0.008409308,0.008356,0.008516,0.008115,0.013906
C6o,C6,Neural Bandit (GM),Full-width MLP,512,numpy_frozen_mlp,fresh_feature_forward,1000,0.078044782,0.076172,0.08569105,0.07484,0.094036
C6o,C6,QNN Bandit (GM),QNN,1,native_frozen_fused,fresh_feature_forward,1000,0.0056536,0.00545,0.005832499999999999,0.00533,0.03219
C6o,C6,QNN Bandit (GM),QNN,512,hybrid_native_frozen_fused,fresh_feature_forward,1000,0.281876407,0.279964,0.291879,0.275796,0.327473
C6o,C6,Neural Bandit (HCM),Full-width MLP,1,numpy_frozen_mlp,fresh_feature_forward,1000,0.008430253,0.008446,0.008696,0.008075,0.013725
C6o,C6,Neural Bandit (HCM),Full-width MLP,512,numpy_frozen_mlp,fresh_feature_forward,1000,0.07892978,0.0778255,0.08558545,0.075441,0.092844
C6o,C6,QNN Bandit (HCM),QNN,1,native_frozen_fused,fresh_feature_forward,1000,0.005665728,0.00546,0.005911049999999999,0.00533,0.034124
C6o,C6,QNN Bandit (HCM),QNN,512,hybrid_native_frozen_fused,fresh_feature_forward,1000,0.282858754,0.279929,0.30127594999999996,0.275926,0.326792
MER_FLOORS_CH20_S5,ENT-Clustered,Neural Bandit (GM),Full-width MLP,1,numpy_frozen_mlp,fresh_feature_forward,1000,0.00844657,0.008526,0.008697,0.008075,0.011201
MER_FLOORS_CH20_S5,ENT-Clustered,Neural Bandit (GM),Full-width MLP,512,numpy_frozen_mlp,fresh_feature_forward,1000,0.08560035,0.08433299999999999,0.09617005,0.077024,0.1014
MER_FLOORS_CH20_S5,ENT-Clustered,QNN Bandit (GM),QNN,1,native_frozen_fused,fresh_feature_forward,1000,0.005664896,0.00547,0.0057215,0.00531,0.03775
MER_FLOORS_CH20_S5,ENT-Clustered,QNN Bandit (GM),QNN,512,hybrid_native_frozen_fused,fresh_feature_forward,1000,0.280947173,0.2792825,0.2905555,0.276487,0.318827
MER_FLOORS_CH20_S5,ENT-Clustered,Neural Bandit (HCM),Full-width MLP,1,numpy_frozen_mlp,fresh_feature_forward,1000,0.008271431,0.008225,0.008366,0.008065,0.014006
MER_FLOORS_CH20_S5,ENT-Clustered,Neural Bandit (HCM),Full-width MLP,512,numpy_frozen_mlp,fresh_feature_forward,1000,0.083092788,0.082695,0.09224455000000001,0.076594,0.099156
MER_FLOORS_CH20_S5,ENT-Clustered,QNN Bandit (HCM),QNN,1,native_frozen_fused,fresh_feature_forward,1000,0.005644819,0.00544,0.0058614999999999995,0.00531,0.032321
MER_FLOORS_CH20_S5,ENT-Clustered,QNN Bandit (HCM),QNN,512,hybrid_native_frozen_fused,fresh_feature_forward,1000,0.28044356,0.279002,0.28753855,0.276538,0.318346
MER_FLOORS_BAD_DIM,ENT-Dispersed,Neural Bandit (GM),Full-width MLP,1,numpy_frozen_mlp,fresh_feature_forward,1000,0.008480904,0.008436,0.008576499999999999,0.008285,0.012143
MER_FLOORS_BAD_DIM,ENT-Dispersed,Neural Bandit (GM),Full-width MLP,512,numpy_frozen_mlp,fresh_feature_forward,1000,0.083344363,0.082754,0.09328650000000001,0.076894,0.097963
MER_FLOORS_BAD_DIM,ENT-Dispersed,QNN Bandit (GM),QNN,1,native_frozen_fused,fresh_feature_forward,1000,0.005656325,0.00545,0.0059015,0.00533,0.032771
MER_FLOORS_BAD_DIM,ENT-Dispersed,QNN Bandit (GM),QNN,512,hybrid_native_frozen_fused,fresh_feature_forward,1000,0.281184369,0.2798985,0.28761899999999996,0.277439,0.321501
MER_FLOORS_BAD_DIM,ENT-Dispersed,Neural Bandit (HCM),Full-width MLP,1,numpy_frozen_mlp,fresh_feature_forward,1000,0.008304286,0.008255,0.008386,0.008125,0.012303
MER_FLOORS_BAD_DIM,ENT-Dispersed,Neural Bandit (HCM),Full-width MLP,512,numpy_frozen_mlp,fresh_feature_forward,1000,0.079007717,0.077916,0.0842205,0.076413,0.088967
MER_FLOORS_BAD_DIM,ENT-Dispersed,QNN Bandit (HCM),QNN,1,native_frozen_fused,fresh_feature_forward,1000,0.00573556,0.00552,0.005962499999999999,0.00539,0.036658
MER_FLOORS_BAD_DIM,ENT-Dispersed,QNN Bandit (HCM),QNN,512,hybrid_native_frozen_fused,fresh_feature_forward,1000,0.28108251,0.278911,0.29124799999999995,0.277148,0.319268
